Ticker,Company Name,Theme,Sub Theme,Setup,Market Cap,1W Price Change %,1M Price Change %,3M Price Change %,Pct vs 30W EMA,Weekly PPO Hist,Weekly Hist Improving,Daily PPO,Daily PPO Hist,Daily PPO Turning Up,RS 1M Change %,Vol Ratio 20/60,Down Day Capture
TSM,Taiwan Semiconductor Manufacturing Co Ltd,Semiconductors,"Semis - Logic & CPUs, GPUs, Accelerators",HIGH CONVICTION,2137216.385,0.0273,0.0281,-0.0155,9.15,-1.121,True,0.149,0.139,True,2.97,0.71,1.14
WFC,Wells Fargo & Co,Financials - Traditional,"Fin Trad - Banks, Lending & Mortgage Finance",HIGH CONVICTION,271237.6115,0.0378,0.0237,0.1501,7.21,0.801,True,0.734,0.467,True,2.52,0.86,-0.04
C,Citigroup Inc,Financials - Traditional,"Fin Trad - Banks, Lending & Mortgage Finance",HIGH CONVICTION,231167.5576,0.0363,0.0062,0.0653,8.18,-0.75,True,0.155,0.326,True,0.77,0.71,1.03
MRVL,"Marvell Technology, Inc.",Semiconductors,Semis - Emerging Technologies,HIGH CONVICTION,189986.1606,0.032,0.0227,-0.2587,19.81,-4.128,True,-0.21,-0.93,True,2.42,0.68,1.52
BE,Bloom Energy Corp,Energy - Renewable,Energy Clean - Hydrogen & Fuel Cells,HIGH CONVICTION,68735.3201,0.1997,0.1085,-0.1199,19.69,-3.875,True,0.627,2.002,True,11.02,0.76,1.08
F,Ford Motor Co,Electric Vehicles & Mobility,EVs - Manufacturers,HIGH CONVICTION,57441.3169,0.0533,0.0378,-0.0593,7.34,-0.179,True,0.322,0.371,True,3.93,0.82,2.39
UMC,United Microelectronics Corp,Semiconductors,"Semis - Logic & CPUs, GPUs, Accelerators",HIGH CONVICTION,49919.9222,0.0495,0.0068,-0.0133,22.1,-4.226,True,0.151,1.434,True,0.83,0.61,-2.99
PFG,"Principal Financial Group, Inc.",Financials - Traditional,"Fin Trad - Asset Management, Custody & Alternatives",HIGH CONVICTION,25407.7972,0.0553,0.0201,0.1618,13.04,-0.254,True,0.569,0.453,True,2.16,0.8,1.23
BBY,Best Buy Co Inc,E-commerce,"E-commerce - Omnichannel Retailers, Online & Physical Stores",HIGH CONVICTION,18490.5994,0.095,0.0454,0.2752,18.8,1.265,True,0.9,0.232,True,4.69,1.1,-0.29
BWA,Borgwarner Inc,Electric Vehicles & Mobility,EVs - Key Suppliers & Autonomy Tech,HIGH CONVICTION,13490.859,0.0566,0.0742,-0.1154,9.38,-1.232,True,-0.167,0.058,True,7.58,0.81,1.84
JEF,Jefferies Financial Group Inc.,Financials - Traditional,Fin Trad - Capital Markets & Investment Banking,HIGH CONVICTION,10842.8278,0.0403,-0.0013,0.0531,3.78,0.364,True,-0.458,0.379,True,0.02,0.79,1.44
AM,Antero Midstream Corp,Energy - Traditional,Energy Base - Refining & Midstream Infrastructure,HIGH CONVICTION,10722.8856,0.0139,0.0343,0.0736,5.71,-0.372,True,0.587,0.114,True,3.59,0.95,-0.09
AES,Aes Corp,Energy - Renewable,Energy Clean - Wind,HIGH CONVICTION,10561.4602,0.0041,0.0075,0.0175,2.6,-0.006,True,0.222,-0.006,True,0.9,0.96,-0.16
ALV,"Autoliv, Inc.",Electric Vehicles & Mobility,EVs - Key Suppliers & Autonomy Tech,HIGH CONVICTION,9084.3443,0.0256,0.0121,-0.0332,4.88,0.419,True,0.567,0.186,True,1.36,0.79,1.53
SLAB,Silicon Laboratories Inc.,Semiconductors,Semis - Wireless & Connectivity,HIGH CONVICTION,7349.5296,0.0093,0.01,0.0066,6.89,-1.295,True,0.238,0.096,True,1.15,0.82,0.01
BKH,Black Hills Corp,Energy - Traditional,Energy Base - Utilities & Conventional Power Operators,HIGH CONVICTION,5537.5037,0.0056,0.0231,0.0341,2.07,-0.493,True,-0.005,0.053,True,2.46,0.92,0.38
NWE,"Northwestern Energy Group, Inc.",Energy - Traditional,Energy Base - Utilities & Conventional Power Operators,HIGH CONVICTION,4323.7821,0.0065,0.0227,0.0429,2.89,-0.538,True,0.022,0.045,True,2.42,0.88,0.47
VKTX,"Viking Therapeutics, Inc.",Healthcare & Biotech,Healthcare - Metabolic & Cardiometabolic,HIGH CONVICTION,3976.6986,0.0843,0.0586,0.1889,4.75,-0.199,True,-0.492,0.391,True,6.02,0.75,0.94
UNIT,Uniti Group Inc.,Real Estate & REITs,Real Estate - Digital Infrastructure,HIGH CONVICTION,2417.5424,0.015,0.0119,-0.0944,2.24,-2.819,True,-0.629,0.551,True,1.34,0.67,2.24
WERN,Werner Enterprises Inc,Transportation & Logistics,"Transportation - Trucking, LTL & Ground Freight",HIGH CONVICTION,2268.0361,0.0422,0.0452,-0.0665,6.62,-1.916,True,-0.696,0.697,True,4.67,0.7,0.45
XIFR,"Xplr Infrastructure, Lp",Energy - Renewable,Energy Clean - Wind,HIGH CONVICTION,1131.6,0.0358,0.0297,-0.0122,7.08,-0.665,True,0.42,0.695,True,3.12,0.75,0.76
NVDA,Nvidia Corp,Semiconductors,Semis - Emerging Technologies,WATCHLIST,5503583.7809,0.0589,0.0869,0.0739,12.86,0.58,True,1.759,0.37,True,8.85,1.01,2.42
AAPL,Apple Inc.,Hardware,"Hardware - Consumer Electronics, PCs & Peripherals",WATCHLIST,4814191.1982,0.0008,0.0351,0.0322,8.24,-0.2,True,0.836,0.491,False,3.67,0.75,-0.19
LLY,Eli Lilly & Co,Healthcare & Biotech,Healthcare - Metabolic & Cardiometabolic,WATCHLIST,1027624.9272,-0.0215,0.0317,0.067,5.23,-0.355,False,-0.614,-0.807,False,3.32,0.92,0.48
JPM,JPMorgan Chase & Co.,Financials - Traditional,"Fin Trad - Banks, Lending & Mortgage Finance",WATCHLIST,960508.9853,0.0029,0.0031,0.1975,9.33,0.78,False,0.603,-0.161,True,0.46,0.7,0.22
ABBV,Abbvie Inc.,Healthcare & Biotech,Healthcare - Oncology & Precision Cancer Therapeutics,WATCHLIST,460590.4814,0.0038,0.0519,0.1895,9.11,0.708,False,0.931,-0.243,False,5.35,0.68,-0.35
BAC,Bank Of America Corp,Financials - Traditional,"Fin Trad - Banks, Lending & Mortgage Finance",WATCHLIST,440752.9308,0.0109,0.0016,0.2085,10.49,0.702,False,0.353,-0.178,True,0.31,0.93,0.04
KO,Coca Cola Co,Consumer Goods & Retail,"Consumer - Health, Food & Beverages",WATCHLIST,382518.1,-0.0177,0.0174,0.1254,8.31,0.45,False,0.851,-0.479,False,1.9,0.87,-0.1
MS,Morgan Stanley,Financials - Traditional,Fin Trad - Capital Markets & Investment Banking,WATCHLIST,341040.6277,0.0137,0.0031,0.0418,9.11,-0.604,False,0.049,0.083,True,0.46,0.71,1.2
DELL,Dell Technologies Inc.,Hardware,"Hardware - Consumer Electronics, PCs & Peripherals",WATCHLIST,330336.7639,0.1488,0.1217,0.2468,53.79,-1.536,True,3.445,1.058,True,12.34,1.19,4.11
NVO,Novo Nordisk A S,Healthcare & Biotech,Healthcare - Metabolic & Cardiometabolic,WATCHLIST,206988.1979,0.0217,0.0658,0.1237,1.78,0.374,False,-0.249,0.186,True,6.74,0.92,0.99
APH,Amphenol Corp /De/,Hardware,Hardware - Communications & Telecom,WATCHLIST,198374.7031,0.0496,-0.0337,0.1232,10.37,0.115,True,0.293,0.195,True,-3.22,0.79,1.32
WELL,Welltower Inc.,Healthcare & Biotech,Healthcare - Senior Care & Longevity,WATCHLIST,174634.238,-0.008,0.0237,0.1877,7.7,-0.105,False,0.505,-0.078,False,2.52,0.87,0.18
IBKR,"Interactive Brokers Group, Inc.",FinTech & Digital Finance,FinTech - Trading Platforms & WealthTech,WATCHLIST,157338.8452,-0.0327,0.046,0.0637,9.75,-0.465,False,0.587,-0.271,False,4.75,0.88,2.51
PGR,Progressive Corp,Financials - Traditional,Fin Trad - Insurance & Reinsurance,WATCHLIST,130178.0316,0.0014,0.0389,0.1323,3.47,0.484,False,0.929,0.181,False,4.04,0.77,-0.41
SNOW,Snowflake Inc.,Cloud Computing,Cloud - Hyperscalers & Platforms,WATCHLIST,126997.7088,0.028,0.0644,0.3975,34.4,3.556,False,3.071,-0.403,True,6.6,1.07,3.47
SBUX,Starbucks Corp,Consumer Goods & Retail,Consumer - Restaurants & Dining,WATCHLIST,120840.0036,-0.0313,0.001,0.0957,4.08,-0.231,False,0.315,-0.292,False,0.24,0.8,1.14
MDT,Medtronic Plc,Industrial Automation & Robotics,Robotics - Medical & Surgical Robotics,WATCHLIST,118167.8305,0.0322,0.0925,0.219,8.5,2.227,True,1.911,-0.167,True,9.41,1.05,-0.5
BP,Bp Plc,Energy - Traditional,Energy Base - Integrated Energy Majors,WATCHLIST,113163.2722,0.0394,0.045,0.0153,6.89,0.056,True,1.037,-0.045,True,4.65,1.03,-2.2
NET,"Cloudflare, Inc.",Cybersecurity,Cybersecurity - Application Security,WATCHLIST,100519.5264,-0.0698,-0.0744,0.0512,13.11,1.162,False,0.157,-1.143,False,-7.3,1.1,5.87
WMB,"Williams Companies, Inc.",Energy - Traditional,Energy Base - Refining & Midstream Infrastructure,WATCHLIST,91737.5631,0.0057,0.0369,0.0424,3.93,-0.694,True,0.629,0.284,False,3.85,0.95,-0.01
ELV,"Elevance Health, Inc.",Healthcare & Biotech,"Healthcare - IT, Services & Data Infrastructure",WATCHLIST,89616.9001,0.0331,0.078,0.0457,8.84,-0.308,True,0.954,0.302,False,7.96,0.66,0.31
MCO,Moodys Corp /De/,Big Data & Analytics,"Big Data - Data Generation, Sourcing & Providers",WATCHLIST,86143.6887,-0.0416,0.0226,0.103,3.98,1.065,False,0.951,-0.266,False,2.41,0.8,0.72
EPD,Enterprise Products Partners L.P.,Energy - Traditional,Energy Base - Refining & Midstream Infrastructure,WATCHLIST,85266.9645,-0.0021,0.0215,0.0403,6.46,-0.059,True,0.936,0.058,False,2.3,0.94,-0.28
E,Eni Spa,Energy - Traditional,Energy Base - Integrated Energy Majors,WATCHLIST,79986.6716,0.0146,0.0019,-0.014,6.78,-0.456,False,0.749,-0.475,False,0.34,0.89,-0.76
CP,Canadian Pacific Kansas City Ltd/Cn,Transportation & Logistics,Transportation - Freight Rail & Infrastructure,WATCHLIST,79934.677,-0.0268,0.0107,0.0301,5.04,-0.034,False,-0.041,-0.58,True,1.22,0.81,1.65
EOG,Eog Resources Inc,Energy - Traditional,Energy Base - Oil & Gas Exploration & Production,WATCHLIST,77580.4846,0.0128,0.0116,0.0337,8.05,0.063,False,0.906,-0.303,False,1.31,0.86,-1.63
LITE,Lumentum Holdings Inc.,Hardware,Hardware - Communications & Telecom,WATCHLIST,76726.6898,-0.0154,0.0374,-0.0605,16.12,-2.126,True,1.887,-0.718,True,3.9,1.04,2.17
FDX,Fedex Corp,Industrial Automation & Robotics,Automation - Smart Logistics & Warehouse Automation,WATCHLIST,75880.0876,-0.0253,0.0293,-0.0022,6.26,-0.922,False,0.355,-0.462,False,3.08,0.89,0.61
ROST,"Ross Stores, Inc.",E-commerce,"E-commerce - Omnichannel Retailers, Online & Physical Stores",WATCHLIST,74239.9672,0.0094,-0.0811,-0.0064,3.85,-0.947,False,-1.173,-0.483,True,-7.98,1.03,1.48
NSC,Norfolk Southern Corp,Transportation & Logistics,Transportation - Freight Rail & Infrastructure,WATCHLIST,74041.0245,-0.0551,-0.0308,0.0841,3.61,0.232,False,-0.075,-0.837,False,-2.94,1.04,0.41
KMI,"Kinder Morgan, Inc.",Energy - Traditional,Energy Base - Refining & Midstream Infrastructure,WATCHLIST,71279.7143,-0.0051,0.0006,0.0103,0.69,-0.746,True,-0.061,-0.019,False,0.21,1.01,0.02
APD,"Air Products & Chemicals, Inc.",Energy - Renewable,Energy Clean - Hydrogen & Fuel Cells,WATCHLIST,67897.9338,-0.0221,0.0223,0.0739,3.66,0.154,False,0.601,-0.205,False,2.38,0.77,0.88
HPE,Hewlett Packard Enterprise Co,Hardware,Hardware - Communications & Telecom,WATCHLIST,64170.9015,-0.0059,-0.0074,-0.0544,27.46,-0.734,False,0.935,-1.019,False,-0.6,1.12,4.81
MET,"Metlife, Inc.",Financials - Traditional,Fin Trad - Insurance & Reinsurance,WATCHLIST,62604.0095,0.0115,0.0155,0.2133,12.75,0.671,False,0.804,-0.009,True,1.7,0.8,1.09
GWW,"W.W. Grainger, Inc.",Industrials & Construction,Industrials - Distribution & Rental Services,WATCHLIST,61447.4179,0.0139,0.0205,0.0334,6.22,-1.049,False,-0.416,0.115,True,2.2,0.7,0.11
NUE,Nucor Corp,Commodities - Metals,Comm Metals - Industrial & Base Metals,WATCHLIST,60135.6657,0.0422,-0.0473,0.0154,15.78,-0.828,True,0.39,0.122,True,-4.59,0.91,1.37
FANG,"Diamondback Energy, Inc.",Energy - Traditional,Energy Base - Oil & Gas Exploration & Production,WATCHLIST,56975.6221,0.0078,0.044,-0.0488,6.86,-0.181,False,0.734,-0.398,False,4.56,0.89,-0.5
KEYS,"Keysight Technologies, Inc.",Semiconductors,Semis - EDA Tools & Design Software,WATCHLIST,55020.5235,0.0226,-0.0411,-0.0664,6.21,-2.076,True,-0.72,-0.125,True,-3.97,1.0,2.03
AME,Ametek Inc/,Hardware,Hardware - Industrial & IoT,WATCHLIST,53493.5265,0.0062,-0.0643,0.0431,2.95,-0.352,False,-1.053,-0.611,True,-6.29,1.1,1.56
EW,Edwards Lifesciences Corp,Healthcare & Biotech,Healthcare - Medical Devices & HealthTech Hardware,WATCHLIST,51790.8111,-0.0034,0.0033,0.0453,4.23,0.175,False,0.357,-0.237,False,0.48,0.68,0.39
AMP,"Ameriprise Financial, Inc.",Financials - Traditional,"Fin Trad - Asset Management, Custody & Alternatives",WATCHLIST,49570.8324,0.0022,0.0126,0.2753,11.67,1.712,False,0.995,-0.386,True,1.41,0.71,1.48
PRU,"Prudential Financial, Inc.",Financials - Traditional,Fin Trad - Insurance & Reinsurance,WATCHLIST,42491.0602,0.0186,-0.0009,0.2246,11.23,1.022,False,0.555,-0.147,True,0.06,0.87,1.08
ED,"Consolidated Edison, Inc.",Energy - Traditional,Energy Base - Utilities & Conventional Power Operators,WATCHLIST,40072.7818,-0.0019,-0.0022,0.0453,0.32,-0.526,True,-0.221,0.109,False,-0.07,0.94,-0.39
NTAP,"Netapp, Inc.",Hardware,Hardware - Data Center Infrastructure & Servers,WATCHLIST,36698.751,-0.0076,-0.0256,0.028,21.91,0.601,False,0.474,-1.231,True,-2.41,1.05,2.24
STLD,Steel Dynamics Inc,Commodities - Metals,Comm Metals - Industrial & Base Metals,WATCHLIST,35530.3178,0.0315,-0.0869,-0.1182,7.84,-1.818,True,-0.944,0.279,True,-8.56,0.93,2.47
NTRS,Northern Trust Corp,Financials - Traditional,"Fin Trad - Asset Management, Custody & Alternatives",WATCHLIST,34134.0365,0.0039,0.028,0.1183,11.34,-0.201,False,0.354,-0.176,True,2.95,0.97,0.62
ACGL,Arch Capital Group Ltd.,Financials - Traditional,Fin Trad - Insurance & Reinsurance,WATCHLIST,34088.79,-0.0075,-0.0143,0.1162,1.27,0.004,False,-0.209,-0.089,False,-1.28,1.09,-0.23
CNC,Centene Corp,Healthcare & Biotech,"Healthcare - IT, Services & Data Infrastructure",WATCHLIST,33972.0356,0.0354,0.0464,0.1258,18.21,-1.418,False,0.749,0.339,True,4.79,0.78,1.22
KHC,Kraft Heinz Co,Consumer Goods & Retail,"Consumer - Health, Food & Beverages",WATCHLIST,30090.2769,-0.0176,-0.0523,0.1294,3.71,0.557,False,0.257,0.023,False,-5.09,1.06,0.13
HPQ,Hp Inc,Hardware,"Hardware - Consumer Electronics, PCs & Peripherals",WATCHLIST,29055.7071,0.0695,0.1325,0.2687,29.35,3.164,True,4.088,0.288,True,13.42,1.1,-0.54
DG,Dollar General Corp,E-commerce,"E-commerce - Omnichannel Retailers, Online & Physical Stores",WATCHLIST,28931.6844,0.084,0.0468,0.274,9.71,1.388,True,1.895,0.758,True,4.83,1.02,-0.99
ZM,"Zoom Communications, Inc.",Telecommunications,Telecom - Enterprise & Unified Communications,WATCHLIST,28390.5556,0.0295,-0.0077,-0.0459,7.89,0.673,False,-0.01,-0.916,True,-0.63,1.04,1.78
ATI,Ati Inc,Defense & Aerospace,Defense - Secure Defense Supply Chains,WATCHLIST,27539.0996,-0.0005,0.0525,0.1707,18.88,-0.61,False,0.118,-1.013,True,5.4,1.09,1.57
WSM,"Williams-Sonoma, Inc.",E-commerce,"E-commerce - Omnichannel Retailers, Online & Physical Stores",WATCHLIST,26044.5102,-0.0326,-0.0862,0.1017,5.68,0.318,False,-1.11,-0.984,True,-8.49,1.02,1.96
SYF,Synchrony Financial,Financials - Traditional,"Fin Trad - Banks, Lending & Mortgage Finance",WATCHLIST,25886.5029,0.024,0.015,0.168,6.42,0.949,False,0.755,-0.263,True,1.65,0.93,1.95
AFRM,"Affirm Holdings, Inc.",FinTech & Digital Finance,FinTech - Digital Payments & Merchant Infrastructure,WATCHLIST,25121.0117,-0.0696,-0.0739,0.0917,2.1,0.236,False,-0.812,-0.579,False,-7.25,1.21,5.65
NVT,Nvent Electric Plc,Hardware,Hardware - Data Center Infrastructure & Servers,WATCHLIST,24837.0995,0.0508,-0.0383,-0.1143,6.54,-2.112,True,-1.493,-0.349,True,-3.69,1.04,1.85
ROIV,Roivant Sciences Ltd.,Healthcare & Biotech,Healthcare - Next-Gen Biotech Platforms,WATCHLIST,24696.2217,0.0063,0.0098,0.2171,13.1,-0.947,False,-0.19,-0.89,True,1.13,1.23,1.23
DRI,"Darden Restaurants, Inc.",Consumer Goods & Retail,Consumer - Restaurants & Dining,WATCHLIST,24676.0305,0.0058,0.0602,0.1027,5.79,0.668,False,0.877,-0.447,True,6.17,0.76,0.32
DLTR,"Dollar Tree, Inc.",E-commerce,"E-commerce - Omnichannel Retailers, Online & Physical Stores",WATCHLIST,24536.4163,0.0246,0.0054,0.1682,10.77,1.29,False,0.943,-0.247,True,0.69,0.85,-1.62
SMCI,"Super Micro Computer, Inc.",Hardware,Hardware - Data Center Infrastructure & Servers,WATCHLIST,24215.679,0.0677,0.2493,-0.1651,19.49,3.511,True,4.83,-0.366,True,25.11,1.15,3.09
ULTA,"Ulta Beauty, Inc.",E-commerce,"E-commerce - Omnichannel Retailers, Online & Physical Stores",WATCHLIST,23777.8575,0.0901,0.0373,0.1972,7.17,1.917,True,2.286,0.356,True,3.88,1.13,-1.21
OMC,Omnicom Group Inc.,Digital Entertainment & Media,Entertainment - Advertising & Social Platforms,WATCHLIST,22783.06,-0.0641,0.0099,0.1324,4.38,1.188,False,0.632,-0.97,False,1.14,0.66,1.23
USFD,Us Foods Holding Corp.,Agriculture & FoodTech,Agriculture - Agri-Food Processing & Distribution,WATCHLIST,22740.6868,-0.0301,0.0505,0.2511,8.96,0.745,False,0.598,-0.874,False,5.2,0.78,0.66
CNH,Cnh Industrial N.V.,Agriculture & FoodTech,Agriculture - Precision Agriculture & Farm Automation,WATCHLIST,22063.9375,0.2329,0.2834,0.3043,30.55,2.734,True,6.416,2.78,True,28.53,1.58,-3.79
IOT,Samsara Inc.,Hardware,Hardware - Industrial & IoT,WATCHLIST,21851.6275,-0.0233,0.0415,0.1062,12.7,2.369,False,1.294,-0.722,True,4.3,1.18,0.82
AMCR,Amcor Plc,Industrials & Construction,Industrials - Packaging & Containers,WATCHLIST,21235.5379,-0.0187,-0.0285,0.209,6.37,1.195,False,0.468,-0.633,False,-2.7,1.08,0.7
SNX,TD Synnex Corp,Industrials & Construction,Industrials - Distribution & Rental Services,WATCHLIST,20682.9315,0.0341,-0.0044,-0.0576,14.49,-1.677,True,0.416,0.329,True,-0.29,0.69,1.52
VTRS,Viatris Inc.,Healthcare & Biotech,Healthcare - Metabolic & Cardiometabolic,WATCHLIST,19531.7862,0.033,-0.0392,0.093,9.93,-1.077,True,0.396,0.429,False,-3.78,0.88,0.43
NTNX,"Nutanix, Inc.",Cloud Computing,Cloud - Multi-Cloud Management,WATCHLIST,18311.51,-0.0159,0.1067,0.2832,23.72,3.959,False,3.487,-0.622,True,10.83,1.04,1.49
U,Unity Software Inc.,Software,Software - Vertical SaaS Platforms,WATCHLIST,18246.0867,-0.0381,0.1829,0.4257,23.72,6.055,False,3.289,-2.547,True,18.46,1.33,2.26
NLY,"Annaly Capital Management, Inc.",Financials - Traditional,"Fin Trad - Banks, Lending & Mortgage Finance",WATCHLIST,17173.3832,-0.01,0.0026,0.1135,3.92,0.201,False,-0.036,-0.341,True,0.41,0.81,0.83
CLH,Clean Harbors Inc,Environmental Sustainability,Environmental - Waste Management & Recycling,WATCHLIST,16836.4933,0.0206,0.0209,0.1063,7.77,-0.034,False,0.52,-0.131,True,2.24,0.94,0.47
WCC,"Wesco International, Inc.",Industrials & Construction,Industrials - Distribution & Rental Services,WATCHLIST,16493.1482,0.0447,-0.0605,-0.0602,8.08,-0.952,True,-0.606,-0.286,True,-5.91,0.76,2.54
JAZZ,Jazz Pharmaceuticals Plc,Healthcare & Biotech,"Healthcare - Regenerative Medicine, Psychedelics, Cannabis",WATCHLIST,16049.4797,0.0093,-0.0566,0.0688,11.07,-1.174,False,-0.289,-0.37,True,-5.52,1.17,0.31
ARMK,Aramark,Business Services & Consulting,"Business Services - Outsourcing, Facilities & Testing",WATCHLIST,15030.5812,-0.0241,0.012,0.0626,10.29,-0.636,False,-0.275,-0.766,True,1.35,1.08,2.39
LECO,"Lincoln Electric Holdings, Inc.",Industrials & Construction,"Industrials - Machinery, Flow Control & Components",WATCHLIST,14901.8737,-0.0297,-0.0043,0.055,4.53,0.729,False,0.638,-0.726,True,-0.28,1.15,2.32
EG,"Everest Group, Ltd.",Financials - Traditional,Fin Trad - Insurance & Reinsurance,WATCHLIST,14785.534,0.0086,0.0316,0.2044,7.3,0.346,False,0.78,0.258,False,3.31,0.76,-0.3
AIZ,"Assurant, Inc.",Financials - Traditional,Fin Trad - Insurance & Reinsurance,WATCHLIST,14160.854,0.0034,0.0189,0.1577,10.76,0.215,False,0.601,-0.056,True,2.04,0.89,0.04
MLI,"Mueller Industries, Inc.",Industrials & Construction,"Industrials - Machinery, Flow Control & Components",WATCHLIST,13828.2609,0.0178,-0.0648,-0.0242,2.5,-0.58,True,-0.901,-0.262,True,-6.35,0.79,1.66
CACI,Caci International Inc /De/,Defense & Aerospace,Defense - Cyber Defense & Electronic Warfare,WATCHLIST,13679.3938,-0.0073,0.1897,0.1809,12.5,3.366,False,2.921,-1.37,True,19.14,1.09,2.05
FIVE,"Five Below, Inc.",E-commerce,"E-commerce - Omnichannel Retailers, Online & Physical Stores",WATCHLIST,13405.8056,0.0426,0.1345,0.1315,17.51,1.949,True,3.078,-0.833,True,13.62,1.22,-1.16
ALLE,Allegion Plc,Smart Home & IoT,Smart Home - Automation & Control Systems,WATCHLIST,13187.5041,-0.0023,-0.0498,0.2126,4.45,2.21,False,0.07,-0.927,True,-4.84,1.08,1.93
ALLY,Ally Financial Inc.,FinTech & Digital Finance,FinTech - Digital Banking & Neobanks,WATCHLIST,13180.9731,0.0367,-0.028,0.0758,1.99,-0.54,True,-0.689,0.244,True,-2.66,0.91,1.97
HAS,"Hasbro, Inc.",Consumer Goods & Retail,Consumer - Modern Luxury & Lifestyle,WATCHLIST,13138.2917,-0.018,0.0187,0.1081,4.67,0.901,False,0.988,-0.668,False,2.02,0.79,0.55
AVY,Avery Dennison Corp,Industrials & Construction,Industrials - Packaging & Containers,WATCHLIST,13112.106,-0.0094,0.016,0.1295,3.6,1.394,False,0.71,-0.759,True,1.75,1.24,0.71
BMRN,Biomarin Pharmaceutical Inc.,Healthcare & Biotech,Healthcare - Genomics & Personalized Medicine,WATCHLIST,12851.3618,0.0288,0.0957,0.2172,11.7,1.647,False,1.465,-0.485,True,9.73,1.19,1.52
DOCU,"Docusign, Inc.",Cloud Computing,Cloud - Horizontal SaaS & Cloud Applications,WATCHLIST,12737.9149,0.0689,0.1889,0.3055,23.79,5.105,True,4.878,0.208,True,19.07,1.12,-0.78
PEN,"Penumbra, Inc.",Healthcare & Biotech,Healthcare - Medical Devices & HealthTech Hardware,WATCHLIST,12682.6076,0.0015,-0.0063,0.0088,0.45,-0.12,True,-0.014,-0.157,True,-0.49,0.76,0.33
AUR,"Aurora Innovation, Inc.",Industrial Automation & Robotics,"Robotics - Autonomous Vehicles, Service & Mobility",WATCHLIST,12275.4509,0.0875,-0.1231,-0.0878,6.37,-1.518,False,-2.263,0.268,True,-12.18,1.06,6.64
AHR,"American Healthcare REIT, Inc.",Real Estate & REITs,Real Estate - Healthcare & Senior Living,WATCHLIST,12164.3315,-0.0146,0.0046,0.1802,5.8,0.243,False,0.482,-0.205,False,0.61,0.96,0.0
ELAN,Elanco Animal Health Inc,Healthcare & Biotech,Healthcare - Animal Health & Veterinary,WATCHLIST,11984.2929,0.0162,-0.043,-0.0028,3.41,-0.365,True,-0.004,0.324,True,-4.16,1.01,1.07
AFG,"American Financial Group, Inc.",Financials - Traditional,Fin Trad - Insurance & Reinsurance,WATCHLIST,11968.8837,-0.0063,0.0151,0.1144,4.2,0.335,False,0.09,-0.227,False,1.66,0.71,0.25
WTS,Watts Water Technologies Inc,Environmental Sustainability,Environmental - Water Infrastructure & Treatment,WATCHLIST,11880.0261,-0.0071,0.0158,0.1561,8.75,0.362,False,-0.141,-0.829,True,1.73,0.58,1.67
AIT,"Applied Industrial Technologies, Inc.",Industrials & Construction,Industrials - Distribution & Rental Services,WATCHLIST,11677.5762,0.0104,-0.0865,0.0403,3.46,-0.798,False,-1.755,-0.86,True,-8.51,1.0,2.43
BJ,"BJ's Wholesale Club Holdings, Inc.",E-commerce,"E-commerce - Omnichannel Retailers, Online & Physical Stores",WATCHLIST,11670.2136,0.0286,-0.0358,0.045,0.15,0.438,False,-0.358,-0.176,True,-3.44,1.1,-0.5
TECH,Bio-Techne Corp,Nanotechnology,NanoTech - Research Tools & Advanced Instruments,WATCHLIST,11358.3452,0.0011,0.0058,0.426,13.56,1.443,False,0.693,-0.253,True,0.73,0.52,0.19
SWKS,"Skyworks Solutions, Inc.",Semiconductors,Semis - Wireless & Connectivity,WATCHLIST,10829.526,0.1251,0.1082,-0.0823,11.96,0.612,True,2.066,0.761,True,10.99,1.0,0.19
ARW,"Arrow Electronics, Inc.",Industrials & Construction,Industrials - Distribution & Rental Services,WATCHLIST,10657.5596,0.0591,-0.0514,-0.0583,13.25,-1.925,True,-0.255,0.35,True,-5.0,0.92,0.74
GSAT,"Globalstar, Inc.",Telecommunications,Telecom - Satellite & Space Communication,WATCHLIST,10589.2168,0.0071,-0.0161,0.0091,8.88,-1.436,True,0.062,-0.134,True,-1.47,0.61,0.17
HSIC,"Henry Schein, Inc.",Healthcare & Biotech,"Healthcare - IT, Services & Data Infrastructure",WATCHLIST,10055.8223,0.0032,0.0079,0.1858,9.82,0.642,False,0.97,-0.147,False,0.93,0.79,0.9
OSK,Oshkosh Corp,Transportation & Logistics,Transportation - Infrastructure & Equipment,WATCHLIST,9529.5304,0.0203,0.006,0.1761,7.71,1.139,False,0.99,-0.13,True,0.75,0.72,1.88
BRKR,Bruker Corp,Nanotechnology,NanoTech - Research Tools & Advanced Instruments,WATCHLIST,8951.1096,0.0249,0.163,-0.0662,13.4,-0.919,False,0.159,0.235,False,16.47,0.86,2.73
AGCO,Agco Corp /De,Agriculture & FoodTech,Agriculture - Precision Agriculture & Farm Automation,WATCHLIST,8869.8685,0.1765,0.2482,0.1186,17.13,0.849,True,4.343,2.781,True,25.0,1.26,-5.35
TTC,Toro Co,Agriculture & FoodTech,Agriculture - Precision Agriculture & Farm Automation,WATCHLIST,8713.0265,-0.0576,-0.0581,0.0307,0.56,-0.101,False,-0.042,-0.77,False,-5.67,1.09,0.54
RHP,"Ryman Hospitality Properties, Inc.",Real Estate & REITs,"Real Estate - Travel, Leisure & Entertainment Properties",WATCHLIST,8475.8513,-0.0452,-0.0367,0.0945,6.83,-0.74,False,-0.598,-0.562,True,-3.53,1.26,0.18
GTLB,Gitlab Inc.,Cloud Computing,"Cloud - DevOps, Observability",WATCHLIST,8266.604,0.1105,0.366,0.6111,45.04,7.046,True,7.858,0.803,True,36.8,1.49,0.28
HQY,"Healthequity, Inc.",Healthcare & Biotech,"Healthcare - IT, Services & Data Infrastructure",WATCHLIST,8124.7099,-0.0031,-0.0848,0.1274,3.81,0.772,False,-0.846,-1.014,False,-8.34,1.05,0.11
THG,"Hanover Insurance Group, Inc.",Financials - Traditional,Fin Trad - Insurance & Reinsurance,WATCHLIST,8003.4278,0.0031,0.0015,0.2315,12.22,0.511,False,0.954,-0.013,False,0.3,0.87,-0.07
NFG,National Fuel Gas Co,Energy - Traditional,Energy Base - Utilities & Conventional Power Operators,WATCHLIST,7987.115,0.0042,0.0212,0.0834,1.29,0.647,True,0.742,-0.032,False,2.27,0.73,-0.79
SIMO,Silicon Motion Technology Corp,Semiconductors,Semis - Emerging Technologies,WATCHLIST,7958.658,0.0423,-0.0438,-0.1626,13.49,-5.051,True,-1.812,0.266,True,-4.24,1.01,1.98
CMC,Commercial Metals Co,Commodities - Metals,Comm Metals - Industrial & Base Metals,WATCHLIST,7612.6139,0.0392,-0.0324,-0.0793,2.45,-0.243,True,-0.385,0.135,True,-3.09,0.85,1.91
KEX,Kirby Corp,Transportation & Logistics,Transportation - Marine Shipping & Ports,WATCHLIST,7554.0966,0.0123,0.0631,-0.0278,4.65,-1.014,True,0.666,0.339,False,6.46,0.69,0.15
NXE,Nexgen Energy Ltd.,Commodities - Energy,Comm Energy - Uranium & Nuclear Fuels,WATCHLIST,7171.0628,0.0317,0.0994,-0.0538,3.03,0.445,True,1.586,-0.507,True,10.1,1.08,3.78
ACA,"Arcosa, Inc.",Industrials & Construction,Industrials - Construction Materials & Aggregates,WATCHLIST,7149.9515,0.0012,0.0016,0.1753,10.84,-0.269,False,0.273,-0.078,True,0.31,0.7,-0.08
SGHC,Super Group (Sghc) Ltd,Digital Entertainment & Media,Entertainment - iGaming & Online Gambling,WATCHLIST,7148.6403,0.0123,0.005,0.103,8.24,-0.644,True,0.249,0.691,False,0.65,0.75,0.52
AN,"Autonation, Inc.",E-commerce,"E-commerce - Omnichannel Retailers, Online & Physical Stores",WATCHLIST,6894.1696,0.0613,-0.015,0.1162,5.17,0.91,True,0.152,0.506,True,-1.36,0.8,0.85
S,"Sentinelone, Inc.",Cybersecurity,Cybersecurity - Cloud Security,WATCHLIST,6809.5811,-0.0771,-0.0524,0.2196,12.28,2.013,False,0.422,-1.682,False,-5.1,1.33,3.82
TAL,Tal Education Group,Education Technology,Education - Digital Curriculum,WATCHLIST,6675.8292,0.0385,0.0342,0.2744,12.69,2.329,True,2.031,0.014,True,3.57,1.2,-1.83
LNTH,"Lantheus Holdings, Inc.",Healthcare & Biotech,"Healthcare - Diagnostics, Biomarkers & Liquid Biopsy",WATCHLIST,6588.9193,0.002,-0.0014,0.0072,8.9,-2.192,False,-0.376,0.164,True,0.01,1.0,-0.08
GATX,GATX Corp,Transportation & Logistics,Transportation - Freight Rail & Infrastructure,WATCHLIST,6258.174,0.0029,-0.0202,0.0719,0.26,-0.181,True,-0.375,-0.048,True,-1.88,0.77,0.62
CWST,Casella Waste Systems Inc,Environmental Sustainability,Environmental - Waste Management & Recycling,WATCHLIST,6071.3431,-0.0016,0.0222,0.1132,2.72,0.605,True,0.71,0.229,False,2.37,0.65,0.14
TXNM,"TXNM Energy, Inc.",Energy - Traditional,Energy Base - Utilities & Conventional Power Operators,WATCHLIST,6008.1034,0.0062,0.0069,-0.0101,0.84,0.014,True,0.282,0.115,False,0.84,0.81,-0.0
RLI,RLI Corp,Financials - Traditional,Fin Trad - Insurance & Reinsurance,WATCHLIST,5860.6218,-0.027,0.0122,0.2495,6.23,1.506,False,0.689,-0.587,False,1.37,0.7,-0.09
DLB,"Dolby Laboratories, Inc.",Hardware,Hardware - Next-Gen & Specialty,WATCHLIST,5805.5916,0.0075,0.018,0.1354,5.46,2.745,False,2.286,-1.082,True,1.95,1.05,0.0
MKTX,Marketaxess Holdings Inc,FinTech & Digital Finance,FinTech - Exchanges & Market Infrastructure,WATCHLIST,5741.0166,0.0041,0.0112,0.3349,9.15,4.235,False,3.459,-1.011,True,1.27,1.09,-0.12
CVLT,"Commvault Systems, Inc.",Cybersecurity,Cybersecurity - Cloud Security,WATCHLIST,5638.5331,0.0001,0.0326,0.1288,7.69,0.759,False,-0.406,-0.114,True,3.42,0.7,4.55
MUR,Murphy Oil Corp,Energy - Traditional,Energy Base - Oil & Gas Exploration & Production,WATCHLIST,5412.8794,0.0227,-0.0408,-0.0602,3.48,-0.706,True,0.786,0.405,False,-3.94,0.91,-1.3
SBRA,"Sabra Health Care Reit, Inc.",Healthcare & Biotech,Healthcare - Senior Care & Longevity,WATCHLIST,5340.4488,0.0082,0.021,0.1661,5.3,0.286,False,0.626,0.097,False,2.25,0.72,-0.22
XMTR,"Xometry, Inc.",Industrial Automation & Robotics,"Automation - Additive Manufacturing, 3D Printing",WATCHLIST,5313.322,-0.0168,0.0095,0.125,17.65,-1.515,False,0.736,0.611,False,1.1,0.63,4.51
CNO,"CNO Financial Group, Inc.",Financials - Traditional,Fin Trad - Insurance & Reinsurance,WATCHLIST,5233.0086,0.0249,0.0242,0.2337,15.1,0.319,False,1.124,0.282,True,2.57,1.04,0.38
GEF,"Greif, Inc.",Industrials & Construction,Industrials - Packaging & Containers,WATCHLIST,4871.319,0.0109,-0.0486,0.3588,14.01,1.529,False,0.649,-0.718,True,-4.72,1.05,1.5
CLMT,"Calumet, Inc. /De",Commodities - Energy,Comm Energy - Biofuels & Renewable Fuels,WATCHLIST,4768.4792,0.1127,0.2784,0.4217,43.89,1.734,True,5.23,0.556,True,28.03,1.23,-3.22
EPR,EPR Properties,Real Estate & REITs,"Real Estate - Travel, Leisure & Entertainment Properties",WATCHLIST,4633.6906,0.0127,-0.015,0.0812,4.73,-0.309,False,-0.39,-0.04,True,-1.35,1.07,0.21
LIVN,Livanova Plc,Healthcare & Biotech,Healthcare - Medical Devices & HealthTech Hardware,WATCHLIST,4480.9288,0.0199,-0.0399,0.1485,10.8,-0.492,True,0.456,0.309,True,-3.85,0.87,1.47
TCBI,"Texas Capital Bancshares, Inc.",Financials - Traditional,"Fin Trad - Banks, Lending & Mortgage Finance",WATCHLIST,4240.055,0.0021,-0.0264,-0.001,0.23,-0.664,True,-0.792,0.02,True,-2.49,0.78,0.79
COLD,Americold Realty Trust,Transportation & Logistics,"Transportation - Logistics, Warehousing & Supply Chain Solutions",WATCHLIST,4116.2529,-0.0526,0.0035,-0.0126,1.41,-0.9,False,-0.62,-0.626,False,0.5,0.8,0.66
TENB,"Tenable Holdings, Inc.",Cybersecurity,Cybersecurity - Cloud Security,WATCHLIST,3727.137,-0.0908,-0.047,0.1536,14.0,0.741,False,-0.116,-0.578,False,-4.56,1.08,4.09
SBLK,Star Bulk Carriers Corp.,Transportation & Logistics,Transportation - Marine Shipping & Ports,WATCHLIST,3562.8756,0.0636,0.1843,0.2531,27.4,1.553,True,4.248,0.443,True,18.6,1.23,-2.01
ZIM,Zim Integrated Shipping Services Ltd.,Transportation & Logistics,Transportation - Marine Shipping & Ports,WATCHLIST,3328.1505,0.0415,0.0473,0.1665,14.41,0.236,True,2.032,-0.176,True,4.88,1.47,-0.29
FSLY,"Fastly, Inc.",Telecommunications,Telecom - Cloud & Edge Connectivity,WATCHLIST,3315.0328,-0.1063,-0.1747,-0.0115,2.66,-0.375,False,-2.532,-2.967,True,-17.35,1.1,10.93
CWT,California Water Service Group,Environmental Sustainability,Environmental - Water Infrastructure & Treatment,WATCHLIST,3104.9411,-0.0089,0.0013,0.1255,5.66,0.4,False,0.291,-0.092,False,0.28,0.98,-0.02
PK,Park Hotels & Resorts Inc.,Real Estate & REITs,"Real Estate - Travel, Leisure & Entertainment Properties",WATCHLIST,3095.5768,-0.036,0.0173,0.1485,14.86,0.374,False,0.993,-0.597,False,1.88,0.87,-0.04
DNN,Denison Mines Corp.,Commodities - Energy,Comm Energy - Uranium & Nuclear Fuels,WATCHLIST,3068.7327,0.0088,0.1477,0.0,4.81,0.69,True,2.161,-0.482,True,14.93,1.11,4.32
DBRG,"Digitalbridge Group, Inc.",Cloud Computing,Cloud - Data Centers & Infrastructure,WATCHLIST,2991.4872,0.0,0.0038,0.0172,3.61,-0.552,True,0.136,-0.04,False,0.53,1.1,0.05
DAC,Danaos Corp,Transportation & Logistics,Transportation - Marine Shipping & Ports,WATCHLIST,2813.7255,0.0304,0.1192,0.2181,22.15,1.074,True,3.017,0.061,True,12.09,1.15,-1.1
MH,"McGraw Hill, Inc.",Education Technology,Education - Digital Curriculum,WATCHLIST,2547.2768,0.0068,0.1514,0.1635,7.8,3.66,True,3.956,-0.728,True,15.31,1.01,0.19
CDNA,"Caredx, Inc.",Healthcare & Biotech,Healthcare - Genomics & Personalized Medicine,WATCHLIST,2525.1476,0.0219,0.0805,1.2806,61.3,3.974,False,5.781,-1.13,True,8.21,1.18,0.99
RNW,Renew Energy Global Plc,Environmental Sustainability,Environmental - Climate Technologies & Carbon Solutions,WATCHLIST,2488.1298,0.0073,0.0922,0.0992,10.53,1.841,False,1.906,-0.25,True,9.38,1.85,-0.15
NBTX,Nanobiotix S.A.,Nanotechnology,NanoTech - Nanomedicine & Drug Delivery,WATCHLIST,2018.7347,-0.0589,-0.0182,0.1023,9.93,-1.89,False,0.69,-1.023,False,-1.68,1.38,5.59
GSL,"Global Ship Lease, Inc.",Transportation & Logistics,Transportation - Marine Shipping & Ports,WATCHLIST,1647.9004,0.0422,0.0835,0.2544,17.99,1.102,True,2.563,0.356,True,8.51,1.13,-1.14
VISN,"Vistance Networks, Inc.  -",Telecommunications,Telecom - Infrastructure & Equipment,WATCHLIST,1497.9186,0.0561,-0.1012,-0.0805,3.07,-2.342,True,-1.462,0.291,True,-9.98,1.25,2.32
LSPD,Lightspeed Commerce Inc.,E-commerce,E-commerce - Platforms,WATCHLIST,1365.4038,-0.0085,0.0067,0.1289,3.24,1.397,False,0.479,-0.211,True,0.82,0.69,2.68
UMH,"Umh Properties, Inc.",Real Estate & REITs,"Real Estate - Housing, Urban Living & Demographics",WATCHLIST,1358.4008,-0.0322,0.0556,0.0919,4.18,0.709,False,0.946,-0.618,False,5.71,1.21,0.37
CRSR,"Corsair Gaming, Inc.",Hardware,"Hardware - Consumer Electronics, PCs & Peripherals",WATCHLIST,1333.822,0.06,0.1187,0.2143,36.38,2.144,False,3.111,-0.003,True,12.04,1.01,4.05
GDRX,"Goodrx Holdings, Inc.",Healthcare & Biotech,"Healthcare - IT, Services & Data Infrastructure",WATCHLIST,1197.4203,-0.0142,0.0419,0.2384,15.9,2.882,False,1.522,-0.961,True,4.35,1.32,1.21
GNK,Genco Shipping & Trading Ltd,Transportation & Logistics,Transportation - Marine Shipping & Ports,WATCHLIST,1183.5942,0.0684,0.098,0.1887,18.52,0.38,True,2.296,0.33,True,9.97,1.52,-1.38
MSEX,Middlesex Water Co,Environmental Sustainability,Environmental - Water Infrastructure & Treatment,WATCHLIST,1096.6235,-0.0039,0.0172,0.1288,6.36,0.731,False,0.713,-0.269,True,1.87,0.76,-0.75
GPRE,Green Plains Inc.,Energy - Renewable,Energy Clean - Fuels & Bioenergy,WATCHLIST,1067.5518,0.0539,-0.0928,-0.0283,1.7,-2.022,True,-2.046,0.194,True,-9.14,1.03,-1.07
HIPO,Hippo Holdings Inc.,FinTech & Digital Finance,FinTech - InsurTech & Embedded Insurance,WATCHLIST,897.2389,0.0208,0.0282,0.406,13.76,2.894,False,2.366,-0.221,True,2.98,1.12,-0.31
EVER,"Everquote, Inc.",FinTech & Digital Finance,FinTech - InsurTech & Embedded Insurance,WATCHLIST,894.7373,-0.0292,0.044,0.387,11.58,1.648,False,0.623,-0.307,False,4.56,0.77,-1.05
DSP,Viant Technology Inc.,Digital Entertainment & Media,Entertainment - Advertising & Social Platforms,WATCHLIST,881.7443,0.0325,0.0689,0.1289,15.36,1.066,True,2.014,0.587,True,7.04,1.1,0.63
HELP,Cybin Inc. -,Healthcare & Biotech,"Healthcare - Regenerative Medicine, Psychedelics, Cannabis",WATCHLIST,843.1144,0.0033,0.3168,1.8419,57.57,9.05,False,7.222,-2.84,True,31.88,1.32,0.61
MITK,Mitek Systems Inc,Cybersecurity,"Cybersecurity - Identity, Biometrics & Access Management",WATCHLIST,841.5323,-0.0149,0.048,0.1477,14.66,-1.043,False,0.682,-0.05,True,4.95,0.87,5.41
KOPN,Kopin Corp,Hardware,Hardware - Next-Gen & Specialty,WATCHLIST,799.2522,-0.0446,0.0313,-0.3086,8.3,-1.51,False,0.015,-2.181,True,3.29,0.98,7.27
LXFR,Luxfer Holdings Plc,Commodities - Metals,Comm Metals - Rare Earth & Strategic Materials,WATCHLIST,460.3954,0.0023,0.0088,0.0018,8.14,-0.741,False,0.185,0.039,True,1.03,0.97,-0.02
BNED,"Barnes & Noble Education, Inc.",Education Technology,Education - Digital Curriculum,WATCHLIST,417.713,0.0627,-0.0132,0.2452,15.41,-0.4,True,0.02,0.133,True,-1.17,0.67,-0.67
MTLS,Materialise Nv,Hardware,Hardware - Printing & Imaging,WATCHLIST,411.3904,0.0627,0.1134,0.1286,18.22,0.547,True,2.063,0.802,True,11.51,1.19,0.44
MNTK,"Montauk Renewables, Inc.",Commodities - Energy,Comm Energy - Biofuels & Renewable Fuels,WATCHLIST,303.8983,0.2599,0.3118,0.3765,31.19,3.397,True,4.575,2.0,True,31.37,1.15,2.15
CHPT,"Chargepoint Holdings, Inc.",Electric Vehicles & Mobility,EVs - Charging & Infrastructure,WATCHLIST,203.0374,0.7756,0.6848,0.2996,47.54,4.239,True,6.969,5.725,True,68.73,2.35,4.3
NPWR,Net Power Inc.,Environmental Sustainability,Environmental - Climate Technologies & Carbon Solutions,WATCHLIST,161.4772,0.0546,0.2532,0.0158,4.35,2.835,True,3.822,0.203,True,25.51,1.39,0.26
