Theme,Sub Theme,Constituents,Theme Cap ($M),CapWtd 1W %,EqWtd 1W %,CapWtd 1M %,EqWtd 1M %,CapWtd 3M %,EqWtd 3M %,Breadth 1W %,Coverage %,Top3 Weight %,Effective N,Top Name,Distortion pp,Mega Cap Distorted,Down Day Capture,Vol Ratio 20/60,Pct Above 30W EMA,Acceleration pp,Signal,Below Min Constituents
Crypto & Blockchain,Blockchain - Cryptocurrency Mining & Staking,8,48855.3,18.62,14.84,-2.58,-4.62,-31.06,-29.54,100.0,100.0,69.3,5.0,IREN,3.78,True,2.52,0.94,37.5,19.22,MIXED / CONSOLIDATING,False
Agriculture & FoodTech,Agriculture - Precision Agriculture & Farm Automation,12,166416.2,10.15,6.51,12.88,9.47,17.83,7.14,75.0,100.0,85.9,2.1,DE,3.64,True,-2.67,1.19,58.3,7.15,MATURE LEADERSHIP,False
Electric Vehicles & Mobility,EVs - Charging & Infrastructure,6,2609.9,9.4,17.39,2.25,12.27,7.87,0.62,83.3,100.0,93.2,2.0,VNT,-7.99,True,2.42,0.99,33.3,8.88,MIXED / CONSOLIDATING,False
Semiconductors,Semis - Memory & Storage,5,987300.7,8.63,5.98,10.6,1.29,-7.8,-18.34,80.0,100.0,89.9,2.1,MU,2.65,True,-0.27,0.69,80.0,6.16,MIXED / CONSOLIDATING,False
Artificial Intelligence,"AI - Apps, Domain-Specific AI",12,657775.0,6.44,-0.03,4.52,-0.45,-1.43,-9.91,41.7,100.0,98.0,1.1,META,6.47,True,1.11,0.88,50.0,5.39,MIXED / CONSOLIDATING,False
Agriculture & FoodTech,Agriculture - Agricultural Inputs & Crop Science,8,78233.7,6.42,6.21,14.57,11.0,14.21,10.39,87.5,100.0,90.7,3.1,CTVA,0.21,False,-2.41,1.03,62.5,3.03,MATURE LEADERSHIP,False
Commodities - Agriculture,"Comm Agri - Fertilizers, Crop Inputs & Seeds",6,54541.9,5.97,6.91,13.21,12.0,13.7,11.15,83.3,100.0,86.7,3.4,CTVA,-0.94,False,-2.22,1.02,66.7,2.9,MATURE LEADERSHIP,False
Hardware,Hardware - Printing & Imaging,5,1363.0,5.69,5.23,1.04,0.95,-1.42,-1.79,100.0,100.0,68.7,4.6,XRX,0.46,False,1.87,0.81,80.0,5.45,EARLY ROTATION,False
FinTech & Digital Finance,"FinTech - Crypto, Blockchain & Tokenization",6,102555.6,5.63,7.37,20.69,8.91,11.45,-3.92,83.3,100.0,91.0,3.6,MSTR,-1.74,True,1.94,1.12,66.7,0.82,MATURE LEADERSHIP,False
Digital Entertainment & Media,Entertainment - Advertising & Social Platforms,15,1113314.0,5.57,0.15,3.0,-3.99,-2.1,3.06,57.1,93.3,91.4,1.4,META,5.42,True,1.12,0.86,57.1,4.87,MIXED / CONSOLIDATING,False
Semiconductors,Semis - Emerging Technologies,21,4245504.3,5.47,1.98,5.48,-7.46,2.17,-24.73,61.9,100.0,95.1,1.6,NVDA,3.49,True,2.35,0.94,42.9,4.2,MIXED / CONSOLIDATING,False
Artificial Intelligence,"AI - Compute, Edge & Acceleration",10,865158.2,5.43,3.25,2.56,-6.43,-8.47,-18.0,80.0,100.0,82.4,3.2,MU,2.18,True,0.57,0.66,60.0,4.83,MIXED / CONSOLIDATING,False
Hardware,Hardware - Data Center Infrastructure & Servers,17,623928.7,5.14,3.85,0.32,-3.49,-7.42,-13.86,76.5,100.0,52.8,7.7,IBM,1.29,False,2.64,0.82,70.6,5.07,EARLY ROTATION,False
Commodities - Energy,Comm Energy - Biofuels & Renewable Fuels,8,53026.6,5.06,4.9,18.8,9.78,37.24,8.64,62.5,100.0,98.2,1.5,VLO,0.16,False,-1.32,1.0,50.0,0.69,MATURE LEADERSHIP,False
Telecommunications,Telecom - Satellite & Space Communication,6,54195.0,4.72,4.91,-5.74,-8.4,-23.12,-11.02,100.0,100.0,86.4,3.1,ECHO,-0.19,False,3.09,0.47,66.7,6.05,MIXED / CONSOLIDATING,False
Energy - Renewable,Energy Clean - Fuels & Bioenergy,8,7339.3,4.52,4.92,11.36,6.11,13.81,2.99,62.5,100.0,91.4,2.5,DAR,-0.4,False,-1.76,1.13,50.0,1.88,MIXED / CONSOLIDATING,False
Electric Vehicles & Mobility,EVs - Key Suppliers & Autonomy Tech,13,71785.1,4.51,3.85,1.04,-1.51,-7.62,-15.36,92.3,100.0,56.5,7.0,MGA,0.66,False,1.79,0.81,53.8,4.27,EARLY ROTATION,False
Energy - Traditional,Energy Base - Nuclear Power & Advanced Reactors,10,359505.2,4.0,2.92,-1.04,1.37,-0.93,-10.53,88.9,90.0,78.6,3.9,GEV,1.08,False,2.38,0.81,11.1,4.24,EARLY ROTATION,False
Commodities - Agriculture,"Comm Agri - Grains, Oilseeds & Softs",6,13227.6,3.37,4.02,9.06,4.03,-7.73,-1.12,83.3,100.0,88.0,2.0,BG,-0.65,False,-2.06,0.94,83.3,1.26,MIXED / CONSOLIDATING,False
Commodities - Metals,Comm Metals - Recycling & Circular Materials,5,47776.9,3.36,3.9,-4.36,1.74,-3.2,-8.04,100.0,100.0,93.2,2.8,NUE,-0.54,False,1.6,0.92,60.0,4.37,EARLY ROTATION,False
Nanotechnology,NanoTech - Nanomedicine & Drug Delivery,10,87120.1,3.31,0.17,45.37,29.08,72.94,41.88,70.0,100.0,77.5,4.0,REGN,3.14,True,1.94,1.35,90.0,-7.24,MATURE LEADERSHIP,False
Healthcare & Biotech,Healthcare - Next-Gen Biotech Platforms,16,278743.6,3.22,1.08,28.85,19.02,42.77,33.03,62.5,100.0,51.7,8.0,VRTX,2.14,True,1.26,1.16,81.2,-3.49,MATURE LEADERSHIP,False
Semiconductors,"Semis - Logic & CPUs, GPUs, Accelerators",10,6185139.9,3.14,3.33,1.1,-3.18,-4.72,-19.16,90.0,100.0,86.3,3.6,NVDA,-0.19,False,1.76,0.85,70.0,2.88,EARLY ROTATION,False
Space Tech,"Space - Infrastructure, Exploration & Launch",9,26911.1,2.89,1.97,-7.17,-5.76,-27.88,-30.61,75.0,88.9,68.9,4.7,ASTS,0.92,False,4.5,0.65,37.5,4.56,MIXED / CONSOLIDATING,False
Commodities - Energy,Comm Energy - Crude Oil,8,265657.4,2.8,2.14,10.3,7.41,11.37,6.83,87.5,100.0,58.6,6.4,COP,0.66,False,-1.8,1.01,87.5,0.4,MIXED / CONSOLIDATING,False
Energy - Renewable,Energy Clean - Hydrogen & Fuel Cells,8,319685.2,2.78,2.67,0.54,-6.12,-6.2,-22.65,37.5,100.0,84.6,3.5,LIN,0.11,False,0.88,0.8,25.0,2.65,FAILED ROTATION,False
Cloud Computing,Cloud - Data Centers & Infrastructure,12,237820.5,2.39,1.07,-3.6,-7.32,-8.23,-14.93,50.0,100.0,52.1,7.2,DLR,1.32,False,2.11,0.75,58.3,3.23,MIXED / CONSOLIDATING,False
Energy - Traditional,Energy Base - Integrated Energy Majors,7,1181481.8,2.34,2.43,5.67,5.19,6.08,5.03,100.0,100.0,68.6,4.9,XOM,-0.09,False,-1.72,0.96,100.0,1.02,EARLY ROTATION,False
Agriculture & FoodTech,Agriculture - Alternative Proteins,8,20998.3,2.2,-4.15,3.68,-10.72,1.34,-3.42,37.5,100.0,97.9,1.6,ADM,6.35,True,-1.44,0.94,37.5,1.34,FAILED ROTATION,False
Healthcare & Biotech,"Healthcare - Regenerative Medicine, Psychedelics, Cannabis",13,108924.2,2.2,-0.92,7.78,6.48,20.29,31.53,46.2,100.0,87.8,2.0,GILD,3.12,True,-0.06,0.89,84.6,0.39,MATURE LEADERSHIP,False
Energy - Traditional,Energy Base - Oilfield Services & Equipment,9,208382.4,2.19,1.97,10.3,10.86,1.76,4.28,100.0,100.0,70.9,4.8,BKR,0.22,False,-0.25,0.87,100.0,-0.21,MIXED / CONSOLIDATING,False
Smart Home & IoT,Smart Home - Energy & Utilities,4,6853.2,2.17,3.17,-14.81,-14.94,-23.79,-27.1,75.0,100.0,99.7,2.1,GNRC,-1.0,False,3.19,0.77,25.0,5.61,MIXED / CONSOLIDATING,False
Energy - Traditional,Energy Base - Refining & Midstream Infrastructure,15,664247.2,2.13,1.96,10.95,9.27,19.54,19.68,73.3,100.0,38.6,10.6,PSX,0.17,False,-1.03,1.05,86.7,-0.42,MATURE LEADERSHIP,False
Energy - Traditional,Energy Base - Oil & Gas Exploration & Production,19,992641.4,2.12,1.8,6.99,7.19,6.13,4.6,94.7,100.0,54.5,7.3,XOM,0.32,False,-1.66,0.97,94.7,0.49,MIXED / CONSOLIDATING,False
E-commerce,E-commerce - Grocery & Local Commerce Platforms,11,717223.7,1.96,-0.55,-2.24,-1.04,-1.04,5.42,72.7,100.0,86.8,1.9,WMT,2.51,True,0.91,1.06,36.4,2.48,MIXED / CONSOLIDATING,False
Transportation & Logistics,Transportation - Marine Shipping & Ports,8,31266.9,1.93,2.95,5.66,6.79,12.58,15.85,87.5,100.0,59.9,6.2,KEX,-1.02,False,-0.04,0.98,87.5,0.61,EARLY ROTATION,False
Education Technology,"Education - Platforms, Infrastructure & Online Learning",5,8432.9,1.81,0.61,5.4,-2.87,13.66,-0.98,60.0,100.0,98.2,2.7,LOPE,1.2,False,-1.53,0.86,20.0,0.55,EARLY ROTATION,False
Smart Home & IoT,Smart Home - Automation & Control Systems,8,77435.2,1.66,0.17,-6.86,-5.1,-5.08,3.0,37.5,100.0,84.6,2.4,CARR,1.49,False,1.93,0.81,50.0,3.26,FAILED ROTATION,False
Financials - Traditional,"Fin Trad - Banks, Lending & Mortgage Finance",45,2332308.8,1.57,1.4,-0.44,-2.58,15.95,11.16,90.9,97.8,55.2,7.9,JPM,0.17,False,0.63,0.79,90.9,1.67,EARLY ROTATION,False
Healthcare & Biotech,"Healthcare - IT, Services & Data Infrastructure",28,1156391.8,1.55,0.34,3.06,4.68,14.92,21.28,53.6,100.0,48.5,7.3,UNH,1.21,False,0.14,0.81,71.4,0.84,MIXED / CONSOLIDATING,False
Energy - Renewable,Energy Clean - Batteries & Storage,9,622319.3,1.5,2.43,7.53,-12.43,-17.06,-40.99,55.6,100.0,98.9,1.1,TSLA,-0.93,False,3.24,0.88,11.1,-0.25,MIXED / CONSOLIDATING,False
Industrials & Construction,Industrials - Engineering & Construction,11,140408.8,1.48,0.67,-7.7,-6.52,-9.61,-8.16,54.5,100.0,55.7,7.3,FIX,0.81,False,2.2,0.82,45.5,3.27,MIXED / CONSOLIDATING,False
Hardware,"Hardware - Consumer Electronics, PCs & Peripherals",11,3472662.3,1.41,4.42,4.6,4.2,4.54,8.67,81.8,100.0,93.1,1.4,AAPL,-3.01,True,0.09,0.79,90.9,0.34,MIXED / CONSOLIDATING,False
Semiconductors,"Semis - Equipment, Lithography & Deposition",9,1003283.7,1.4,1.62,-5.55,-10.85,-6.94,-13.19,77.8,100.0,80.4,3.9,ASML,-0.22,False,1.27,0.66,55.6,2.69,MIXED / CONSOLIDATING,False
Energy - Renewable,Energy Clean - Smart Grid & Electrification,10,420799.7,1.36,0.8,-6.86,-7.54,-5.67,-7.66,60.0,100.0,64.6,5.9,GEV,0.56,False,2.21,0.78,40.0,2.96,MIXED / CONSOLIDATING,False
Electric Vehicles & Mobility,EVs - Autonomous Driving & Fleet,7,992220.4,1.34,-0.85,7.83,-1.13,-14.79,-10.85,28.6,100.0,99.7,1.2,TSLA,2.19,True,3.02,0.88,28.6,-0.48,FAILED ROTATION,False
FinTech & Digital Finance,FinTech - Digital Banking & Neobanks,9,537141.8,1.31,1.29,0.89,-2.01,20.81,19.5,77.8,100.0,89.1,1.9,JPM,0.02,False,1.0,0.76,66.7,1.1,MATURE LEADERSHIP,False
Healthcare & Biotech,Healthcare - Oncology & Precision Cancer Therapeutics,12,1541847.4,1.25,1.64,7.85,6.19,17.4,18.22,83.3,100.0,63.8,5.9,ABBV,-0.39,False,-0.16,0.86,91.7,-0.58,MATURE LEADERSHIP,False
Transportation & Logistics,Transportation - Infrastructure & Equipment,10,516008.1,1.22,1.77,-3.42,-0.34,-0.28,8.64,55.6,90.0,70.8,4.0,CAT,-0.55,False,0.78,0.81,77.8,2.02,MIXED / CONSOLIDATING,False
Energy - Renewable,Energy Clean - Utilities & Clean Power Operators,9,292259.2,1.14,1.04,-1.03,0.3,-1.57,-5.91,77.8,100.0,62.6,5.1,NEE,0.1,False,0.17,0.88,11.1,1.38,MIXED / CONSOLIDATING,False
Financials - Traditional,Fin Trad - Capital Markets & Investment Banking,7,585262.8,1.13,1.82,-0.42,-0.37,3.13,5.32,85.7,100.0,92.5,2.5,GS,-0.69,False,1.33,0.82,71.4,1.23,MIXED / CONSOLIDATING,False
Electric Vehicles & Mobility,EVs - Manufacturers,8,124881.7,1.11,-5.74,-1.43,-13.35,-8.81,-21.25,37.5,100.0,79.5,3.4,F,6.85,True,2.16,0.84,25.0,1.44,FAILED ROTATION,False
Commodities - Energy,Comm Energy - Uranium & Nuclear Fuels,9,41951.1,1.09,0.41,6.69,7.1,-11.67,-14.76,62.5,88.9,73.2,4.2,CCJ,0.68,False,3.93,0.94,25.0,-0.47,MIXED / CONSOLIDATING,False
Semiconductors,"Semis - Analog, Mixed-Signal & Power Management",12,418902.1,1.06,2.54,-6.79,-8.39,-20.97,-27.28,81.8,91.7,66.4,5.1,TXN,-1.48,False,2.41,0.68,36.4,2.64,MIXED / CONSOLIDATING,False
Energy - Traditional,Energy Base - Coal & Thermal Power Generation,11,129122.9,1.06,0.67,2.69,16.91,-1.88,-3.07,45.5,100.0,72.4,5.1,DUK,0.39,False,0.36,0.89,45.5,0.43,MIXED / CONSOLIDATING,False
Commodities - Energy,Comm Energy - Natural Gas & LNG,27,401412.4,0.95,0.7,5.49,3.35,8.08,4.38,65.4,96.3,33.0,13.4,LNG,0.25,False,-0.76,0.93,73.1,-0.33,MIXED / CONSOLIDATING,False
FinTech & Digital Finance,FinTech - Trading Platforms & WealthTech,6,492796.9,0.84,2.4,6.22,5.77,18.96,15.19,33.3,100.0,84.9,3.4,SCHW,-1.56,True,1.4,0.85,66.7,-0.61,FAILED ROTATION,False
Industrials & Construction,Industrials - Distribution & Rental Services,17,287139.2,0.79,1.52,-3.94,-5.4,2.26,-0.22,70.6,100.0,53.8,8.3,GWW,-0.73,False,1.38,0.81,70.6,1.71,MIXED / CONSOLIDATING,False
Smart Home & IoT,"Smart Home & IoT - Devices, Sensors & Connectivity",8,140778.3,0.72,-0.0,0.27,-1.62,-0.82,-1.39,62.5,100.0,83.7,2.7,TMUS,0.72,False,1.19,0.79,75.0,0.66,MIXED / CONSOLIDATING,False
Defense & Aerospace,Defense - Space Technology & Satellite Services,6,38083.1,0.62,-3.16,-13.61,-13.7,-33.95,-29.91,33.3,100.0,90.0,2.2,RKLB,3.78,True,4.57,0.66,33.3,3.79,FAILED ROTATION,False
Energy - Renewable,Energy Clean - Wind,10,101848.9,0.6,1.23,-4.42,-2.16,-6.7,-7.54,80.0,100.0,77.2,3.8,ENB,-0.63,False,0.42,0.94,60.0,1.63,MIXED / CONSOLIDATING,False
Smart Home & IoT,"Smart Home - Connectivity, Security & Networking",8,119810.7,0.54,0.63,-0.39,-3.23,6.42,8.51,37.5,100.0,86.9,3.3,JCI,-0.09,False,0.95,0.84,62.5,0.63,FAILED ROTATION,False
Industrial Automation & Robotics,Automation - Factory & Process Automation Systems,9,159745.4,0.5,1.53,-9.99,-10.82,-9.74,-12.75,66.7,100.0,50.7,7.5,EMR,-1.03,False,2.78,0.72,55.6,2.82,MIXED / CONSOLIDATING,False
Consumer Goods & Retail,Consumer - Household & Personal Care,9,339507.4,0.45,0.43,-1.7,-0.02,9.42,26.5,55.6,100.0,83.7,2.5,PG,0.02,False,0.16,0.94,66.7,0.85,MIXED / CONSOLIDATING,False
Telecommunications,Telecom - Enterprise & Unified Communications,6,126631.5,0.26,-0.4,8.51,2.05,7.91,5.44,50.0,100.0,96.6,2.1,VZ,0.66,False,0.49,0.81,66.7,-1.72,MIXED / CONSOLIDATING,False
Telecommunications,Telecom - Infrastructure & Equipment,8,262261.8,0.25,-1.11,-2.89,-7.23,-14.73,-15.17,37.5,100.0,78.8,3.4,GLW,1.36,False,1.19,0.68,37.5,0.92,FAILED ROTATION,False
Conglomerates & Diversified Holdings,Diversified Holdings & Multi-Industry Conglomerates,2,1100941.7,0.19,-0.09,-2.2,-3.93,6.43,5.57,50.0,100.0,100.0,1.0,BRK-B,0.28,False,-0.07,0.95,50.0,0.7,MIXED / CONSOLIDATING,True
Transportation & Logistics,"Transportation - Trucking, LTL & Ground Freight",11,152135.4,0.18,1.64,-6.31,-3.56,-12.98,-11.06,72.7,100.0,55.8,7.0,ODFL,-1.46,False,2.34,0.79,60.0,1.65,MIXED / CONSOLIDATING,False
Semiconductors,"Semis - Testing, Packaging & Assembly",6,156805.8,0.17,2.53,-6.19,-8.41,-10.29,-17.0,66.7,100.0,89.8,2.3,ASX,-2.36,True,2.9,0.64,50.0,1.61,MIXED / CONSOLIDATING,False
Hardware,Hardware - Next-Gen & Specialty,17,2316618.6,0.15,-0.71,2.53,-6.05,1.31,-20.17,50.0,94.1,96.4,1.4,AAPL,0.86,False,0.12,0.75,31.2,-0.44,MIXED / CONSOLIDATING,False
Cybersecurity,"Cybersecurity - Identity, Biometrics & Access Management",9,9886.8,0.11,-4.01,-14.27,-16.93,-17.81,-22.35,22.2,100.0,89.9,2.3,YOU,4.12,True,2.1,0.92,11.1,3.43,FAILED ROTATION,False
Hardware,Hardware - Industrial & IoT,15,427178.6,0.04,0.16,-5.9,-5.1,-5.51,2.35,60.0,100.0,51.7,7.9,TXN,-0.12,False,1.99,0.81,53.3,1.41,MIXED / CONSOLIDATING,False
Commodities - Metals,Comm Metals - Precious Metals,15,251680.4,0.03,-0.02,27.92,25.63,16.19,14.82,46.7,100.0,50.4,8.3,NEM,0.05,False,2.18,1.2,100.0,-6.46,MATURE LEADERSHIP,False
Healthcare & Biotech,Healthcare - Medical Devices & HealthTech Hardware,25,853522.4,0.01,-0.75,3.74,-3.16,18.45,11.3,52.0,100.0,62.0,4.1,JNJ,0.76,False,0.09,0.84,52.0,-0.86,MATURE LEADERSHIP,False
Smart Home & IoT,Smart Home - Connected Devices & Appliances,5,6887.9,0.01,0.9,-10.88,-11.91,3.35,2.3,60.0,100.0,70.9,4.5,ADT,-0.89,False,2.17,0.9,60.0,2.54,MIXED / CONSOLIDATING,False
Nanotechnology,NanoTech - Consumer & Industrial Products,7,256277.8,-0.02,-0.83,-2.14,-2.0,5.65,-1.09,57.1,100.0,84.8,2.9,PG,0.81,False,0.49,0.93,42.9,0.48,MIXED / CONSOLIDATING,False
Energy - Traditional,Energy Base - Utilities & Conventional Power Operators,35,750972.7,-0.05,-0.11,-2.65,-2.11,-0.66,0.03,57.1,100.0,22.5,22.4,SO,0.06,False,0.28,0.92,40.0,0.57,MIXED / CONSOLIDATING,False
Hardware,Hardware - Communications & Telecom,12,866254.0,-0.11,-2.67,-4.14,-6.79,-4.76,-19.57,16.7,100.0,69.5,5.4,CSCO,2.56,True,1.75,0.86,50.0,0.85,FAILED ROTATION,False
Environmental Sustainability,Environmental - Waste Management & Recycling,8,259182.9,-0.13,-0.76,1.07,0.08,8.23,11.86,37.5,100.0,76.7,4.4,WM,0.63,False,0.07,0.88,62.5,-0.38,FAILED ROTATION,False
Transportation & Logistics,Transportation - Air Travel & Passenger Transportation,8,115720.1,-0.22,-1.03,-15.05,-15.26,-0.63,-7.06,37.5,100.0,79.4,3.7,DAL,0.81,False,3.09,0.69,12.5,3.28,FAILED ROTATION,False
Environmental Sustainability,Environmental - Water Infrastructure & Treatment,13,98866.6,-0.23,-0.66,-0.58,-1.74,8.19,7.03,30.8,100.0,52.2,7.1,AWK,0.43,False,1.05,0.89,53.8,-0.1,FAILED ROTATION,False
Healthcare & Biotech,Healthcare - Genomics & Personalized Medicine,15,256427.8,-0.26,-0.73,11.5,9.28,31.05,34.78,53.3,100.0,73.5,4.1,TMO,0.47,False,1.09,0.89,86.7,-2.93,MIXED / CONSOLIDATING,False
Healthcare & Biotech,Healthcare - Metabolic & Cardiometabolic,12,1259486.7,-0.3,1.91,7.47,2.96,14.89,13.62,75.0,100.0,78.0,3.3,LLY,-2.21,True,0.58,0.96,75.0,-2.04,MIXED / CONSOLIDATING,False
Commodities - Metals,Comm Metals - Battery & Energy Transition Metals,10,92294.5,-0.31,-1.25,6.72,8.98,-2.93,-16.26,30.0,100.0,89.0,3.0,VALE,0.94,False,0.07,1.02,30.0,-1.87,FAILED ROTATION,False
Real Estate & REITs,Real Estate - Digital Infrastructure,5,70658.1,-0.31,-0.08,-1.4,-1.24,-5.98,-7.29,20.0,100.0,85.1,3.3,AMT,-0.23,False,0.5,0.68,40.0,0.02,FAILED ROTATION,False
Industrial Automation & Robotics,"Automation - Additive Manufacturing, 3D Printing",5,16889.2,-0.34,1.8,-9.67,-1.93,3.74,6.05,60.0,100.0,98.2,2.4,CRS,-2.14,True,3.5,0.78,100.0,1.91,MIXED / CONSOLIDATING,False
Industrial Automation & Robotics,Automation - Industrial Sensors & Machine Vision,8,65423.6,-0.36,-0.19,-9.59,-13.95,-3.68,-11.93,62.5,100.0,74.3,4.6,AME,-0.17,False,2.34,0.87,50.0,1.87,MIXED / CONSOLIDATING,False
Energy - Renewable,Energy Clean - Solar,10,43151.3,-0.38,0.89,-13.33,-12.83,-34.03,-39.5,50.0,100.0,81.9,4.2,FSLR,-1.27,False,4.46,0.75,0.0,2.72,MIXED / CONSOLIDATING,False
Cybersecurity,"Cybersecurity - Endpoint, Identity & Zero Trust",5,67237.9,-0.38,-2.46,11.21,7.57,22.03,15.68,20.0,100.0,87.7,3.3,OKTA,2.08,True,2.68,1.14,80.0,-2.99,FAILED ROTATION,False
Commodities - Metals,Comm Metals - Gold,11,449511.5,-0.4,-0.47,30.75,28.98,17.84,16.35,45.5,100.0,44.8,8.9,NEM,0.07,False,1.72,1.19,100.0,-7.55,MATURE LEADERSHIP,False
Telecommunications,"Telecom - 5G, Wireless & Carriers",7,272060.8,-0.46,2.51,5.52,6.0,7.01,9.3,57.1,100.0,91.3,3.2,TMUS,-2.97,True,0.16,0.71,71.4,-1.74,MIXED / CONSOLIDATING,False
Crypto & Blockchain,"Blockchain - Platforms, Tokenization & Financial Services",9,676723.1,-0.52,3.08,4.54,10.99,21.28,18.17,44.4,100.0,83.0,3.5,V,-3.6,True,0.35,0.88,88.9,-1.58,MIXED / CONSOLIDATING,False
Environmental Sustainability,Environmental - Climate Technologies & Carbon Solutions,7,135061.7,-0.57,0.51,-2.39,2.25,-3.33,2.4,42.9,100.0,96.2,2.0,LIN,-1.08,False,0.61,0.82,57.1,-0.01,MIXED / CONSOLIDATING,False
Telecommunications,Telecom - Cloud & Edge Connectivity,6,319134.7,-0.67,-2.44,5.19,-3.08,5.47,-3.41,33.3,100.0,91.6,3.3,VZ,1.77,True,0.18,0.7,83.3,-1.88,FAILED ROTATION,False
Financials - Traditional,Fin Trad - Insurance & Reinsurance,43,1288351.1,-0.68,-0.09,-0.86,-0.64,16.9,17.95,53.5,100.0,27.5,20.1,CB,-0.59,False,0.34,0.85,86.0,-0.48,MIXED / CONSOLIDATING,False
Healthcare & Biotech,Healthcare - Senior Care & Longevity,14,252601.4,-0.71,-0.74,-0.18,-2.48,15.45,13.24,35.7,100.0,63.7,4.7,WELL,0.03,False,0.57,0.84,64.3,-0.67,FAILED ROTATION,False
Commodities - Metals,Comm Metals - Rare Earth & Strategic Materials,7,8732.2,-0.73,0.59,3.1,3.77,-27.52,-17.29,57.1,100.0,77.1,3.3,USAR,-1.32,False,6.45,0.95,28.6,-1.45,MIXED / CONSOLIDATING,False
Education Technology,Education - Digital Curriculum,10,36547.3,-0.76,-0.93,1.85,2.15,14.75,13.41,44.4,90.0,57.6,6.5,PSO,0.17,False,-0.44,1.02,66.7,-1.19,MIXED / CONSOLIDATING,False
Hardware,Hardware - Networking Equipment,6,322422.8,-0.84,-0.49,-5.14,-7.1,-4.33,-3.48,16.7,100.0,91.4,2.6,CSCO,-0.35,False,1.72,0.92,66.7,0.36,FAILED ROTATION,False
Real Estate & REITs,Real Estate - Healthcare & Senior Living,9,142619.8,-0.85,-0.56,-0.22,-3.04,14.22,7.87,33.3,100.0,72.8,3.5,WELL,-0.29,False,0.21,0.86,77.8,-0.8,FAILED ROTATION,False
Cloud Computing,Cloud - Horizontal SaaS & Cloud Applications,17,924509.3,-0.85,-3.14,15.29,11.88,9.56,20.46,23.5,100.0,54.8,7.0,ORCL,2.29,True,1.84,0.95,82.4,-4.41,FAILED ROTATION,False
Financials - Traditional,"Fin Trad - Asset Management, Custody & Alternatives",21,987404.1,-0.94,-0.29,0.82,1.08,16.7,19.06,50.0,95.2,41.6,10.2,BX,-0.65,False,1.71,0.83,95.0,-1.13,MIXED / CONSOLIDATING,False
Defense & Aerospace,Defense - Next-Generation Aircraft & Maintenance,10,436490.0,-0.99,-1.27,-11.53,-12.23,3.33,-0.26,20.0,100.0,78.7,3.4,GE,0.28,False,1.97,0.85,33.3,1.69,FAILED ROTATION,False
Industrials & Construction,Industrials - Building Products & HVAC,25,302050.7,-0.99,-0.98,-6.97,-8.53,-0.19,-1.75,16.7,96.0,45.0,10.7,TT,-0.01,False,1.95,0.83,20.8,0.63,FAILED ROTATION,False
Agriculture & FoodTech,Agriculture - Agri-Food Processing & Distribution,9,134000.1,-1.08,-0.87,0.18,-0.79,5.23,0.85,33.3,100.0,64.4,5.6,SYY,-0.21,False,-0.11,0.87,44.4,-1.12,FAILED ROTATION,False
E-commerce,E-commerce - Retail Media & Advertising,8,160382.4,-1.08,1.8,-5.05,0.61,7.99,21.46,62.5,100.0,92.5,1.6,HD,-2.88,True,1.0,0.85,62.5,0.09,FAILED ROTATION,False
E-commerce,"E-commerce - Omnichannel Retailers, Online & Physical Stores",34,2650486.0,-1.09,0.83,-4.83,-3.55,3.07,7.29,63.6,97.1,64.5,4.7,AMZN,-1.92,True,0.82,0.86,54.5,0.03,FAILED ROTATION,False
Healthcare & Biotech,Healthcare - Age-Related & Longevity Therapeutics,5,583166.4,-1.11,1.08,3.67,6.85,9.48,18.12,80.0,100.0,94.1,1.9,LLY,-2.19,True,0.59,0.89,100.0,-1.96,FAILED ROTATION,False
Semiconductors,Semis - EDA Tools & Design Software,6,292195.5,-1.15,-2.63,-8.98,-9.44,-30.45,-26.96,50.0,100.0,86.2,2.9,ARM,1.48,False,4.12,0.66,50.0,0.94,FAILED ROTATION,False
Consumer Goods & Retail,Consumer - Modern Luxury & Lifestyle,18,184139.9,-1.17,-1.1,-5.1,-9.56,6.35,-1.04,27.8,100.0,64.0,4.9,RACE,-0.07,False,1.17,0.94,22.2,0.02,FAILED ROTATION,False
Digital Entertainment & Media,Entertainment - Game Publishers & Developers,7,86249.6,-1.25,-0.91,-3.74,-6.5,-0.53,-2.02,33.3,85.7,78.3,4.2,NTES,-0.34,False,1.48,0.92,33.3,-0.38,FAILED ROTATION,False
Commodities - Metals,Comm Metals - Industrial & Base Metals,13,402034.1,-1.27,0.02,3.69,2.93,-1.52,-6.16,53.8,100.0,57.4,7.1,BHP,-1.29,False,0.66,0.99,84.6,-2.13,FAILED ROTATION,False
Environmental Sustainability,Environmental - Sustainable Agriculture & Resource Management,7,30581.1,-1.3,0.07,-7.48,0.82,-1.23,2.56,42.9,100.0,88.8,2.7,WY,-1.37,False,1.37,0.95,42.9,0.44,FAILED ROTATION,False
Industrial Automation & Robotics,Robotics - Sensors & Vision Systems,6,50614.6,-1.32,-1.54,-3.22,-14.65,-7.88,-19.58,33.3,100.0,95.5,2.3,LITE,0.22,False,2.52,0.9,33.3,-0.57,FAILED ROTATION,False
Software,Software - Gaming & Platforms,5,126511.6,-1.37,-0.66,-2.04,4.11,2.15,9.86,25.0,80.0,80.0,4.0,NTES,-0.71,False,1.6,0.96,25.0,-0.9,FAILED ROTATION,False
Healthcare & Biotech,"Healthcare - Digital Health, Telemedicine & Remote Care",12,205836.3,-1.42,0.73,4.29,4.49,25.0,24.91,50.0,100.0,87.6,2.7,ABT,-2.15,True,0.41,0.87,50.0,-2.42,FAILED ROTATION,False
Industrial Automation & Robotics,Automation - Smart Logistics & Warehouse Automation,6,122762.1,-1.51,1.35,-2.49,-6.38,-3.1,-4.18,60.0,83.3,87.8,3.0,UPS,-2.86,True,1.23,0.86,40.0,-0.93,FAILED ROTATION,False
Transportation & Logistics,Transportation - Urban Mobility & Emerging Transport Tech,11,181312.2,-1.53,-0.84,1.51,-7.55,2.27,-10.01,45.5,100.0,84.6,3.0,UBER,-0.69,False,1.21,0.81,45.5,-1.88,FAILED ROTATION,False
FinTech & Digital Finance,FinTech - Digital Payments & Merchant Infrastructure,20,1231230.6,-1.54,-0.07,-0.57,-2.46,18.99,19.03,50.0,100.0,77.7,4.5,V,-1.47,False,0.82,0.87,70.0,-1.41,FAILED ROTATION,False
FinTech & Digital Finance,FinTech - Exchanges & Market Infrastructure,8,279871.8,-1.55,-1.52,7.23,6.89,12.3,14.13,25.0,100.0,67.3,4.8,CME,-0.03,False,-0.4,0.82,87.5,-3.23,FAILED ROTATION,False
Real Estate & REITs,"Real Estate - E-Commerce, Warehousing & Logistics",7,97189.9,-1.57,-1.35,-1.84,-2.1,0.47,2.59,14.3,100.0,74.6,2.9,PLD,-0.22,False,0.28,0.73,57.1,-1.14,FAILED ROTATION,False
Consumer Goods & Retail,Consumer - Apparel & E-Commerce Retail,14,161666.7,-1.58,-1.35,-9.93,-8.4,-6.81,-2.16,23.1,92.9,68.1,5.1,TJX,-0.23,False,1.18,1.1,30.8,0.73,FAILED ROTATION,False
Environmental Sustainability,Environmental - Clean Technologies & Pollution Control,7,87737.6,-1.64,0.29,-2.09,-3.25,3.55,0.78,28.6,100.0,82.7,3.9,ECL,-1.93,True,0.48,0.88,57.1,-1.15,FAILED ROTATION,False
Real Estate & REITs,Real Estate - Retail & Consumer Real Estate,21,365690.2,-1.65,-1.08,-5.65,-5.38,1.72,1.07,15.0,95.2,53.4,8.7,SPG,-0.57,False,0.53,0.78,35.0,-0.34,FAILED ROTATION,False
Healthcare & Biotech,"Healthcare - Diagnostics, Biomarkers & Liquid Biopsy",16,429416.1,-1.67,-1.44,7.6,4.64,26.75,22.7,31.2,100.0,63.0,5.9,TMO,-0.23,False,1.16,0.89,81.2,-3.44,FAILED ROTATION,False
Transportation & Logistics,"Transportation - Logistics, Warehousing & Supply Chain Solutions",10,137686.9,-1.69,-1.21,-2.92,-3.88,0.37,6.61,40.0,100.0,65.1,5.7,UPS,-0.48,False,1.09,0.78,50.0,-1.01,FAILED ROTATION,False
E-commerce,E-commerce - Online Marketplaces & Recommerce,8,136836.0,-1.7,-4.24,-2.96,-17.59,7.41,-3.25,25.0,100.0,85.3,3.0,MELI,2.54,True,-0.07,1.01,37.5,-1.01,FAILED ROTATION,False
Digital Entertainment & Media,Entertainment - iGaming & Online Gambling,13,47057.5,-1.79,-2.05,-3.8,-7.65,-2.77,-7.43,15.4,100.0,43.5,9.1,SGHC,0.26,False,1.92,0.81,23.1,-0.91,FAILED ROTATION,False
Electric Vehicles & Mobility,EVs - Batteries & Materials,8,6750.8,-1.95,-0.24,-7.0,-5.53,-36.2,-40.33,25.0,100.0,74.9,4.8,QS,-1.71,True,5.75,0.69,0.0,-0.32,FAILED ROTATION,False
Real Estate & REITs,Real Estate - Office & Commercial Workspaces,10,107000.4,-1.97,-1.64,-2.41,-3.35,15.62,13.85,30.0,100.0,66.7,4.7,CBRE,-0.33,False,1.52,0.85,100.0,-1.41,FAILED ROTATION,False
Big Data & Analytics,"Big Data - Data Generation, Sourcing & Providers",16,538202.9,-2.0,-2.92,3.13,3.36,12.56,13.46,18.8,100.0,52.2,8.0,SPGI,0.92,False,0.33,0.82,81.2,-2.73,FAILED ROTATION,False
Semiconductors,Semis - Wireless & Connectivity,8,792593.0,-2.04,3.51,-11.87,1.84,-25.08,-9.36,85.7,87.5,95.8,1.4,AVGO,-5.55,True,1.47,0.92,57.1,0.72,FAILED ROTATION,False
Industrial Automation & Robotics,"Robotics - Autonomous Vehicles, Service & Mobility",14,354618.3,-2.11,0.43,0.48,-2.77,5.43,-17.03,42.9,100.0,93.5,2.4,PLTR,-2.54,True,2.51,0.87,42.9,-2.22,FAILED ROTATION,False
Business Services & Consulting,Consulting,11,248637.4,-2.14,-2.39,3.28,-1.29,4.35,6.02,9.1,100.0,79.1,3.5,ACN,0.25,False,1.32,0.76,54.5,-2.9,FAILED ROTATION,False
Industrials & Construction,Industrials - Chemicals & Advanced Materials,12,154412.5,-2.15,-1.92,-2.04,-0.18,3.67,4.44,8.3,100.0,59.4,6.3,SHW,-0.23,False,1.17,0.82,50.0,-1.68,FAILED ROTATION,False
Nanotechnology,NanoTech - Research Tools & Advanced Instruments,15,250728.9,-2.16,-1.25,2.33,-1.15,12.28,9.11,33.3,100.0,54.1,7.5,DHR,-0.91,False,1.89,0.84,86.7,-2.7,FAILED ROTATION,False
Artificial Intelligence,"AI - Ads, Search & Recommendations",9,2615316.4,-2.17,-0.46,-10.66,-5.34,-6.65,3.65,55.6,100.0,99.5,1.1,GOOGL,-1.71,True,0.91,0.73,44.4,0.31,FAILED ROTATION,False
Defense & Aerospace,Defense - Secure Defense Supply Chains,19,568482.2,-2.17,-2.33,-9.9,-9.47,3.69,-3.21,15.8,100.0,53.8,7.9,GE,0.16,False,2.33,0.9,33.3,0.13,FAILED ROTATION,False
Digital Entertainment & Media,"Entertainment - Sports Betting, Wagering & Prediction Markets",8,37490.5,-2.2,-2.11,-4.36,-5.31,-2.08,-0.39,12.5,100.0,64.7,5.7,FLUT,-0.09,False,2.35,0.78,37.5,-1.19,FAILED ROTATION,False
Industrials & Construction,"Industrials - Machinery, Flow Control & Components",24,399167.8,-2.22,-1.35,-6.4,-7.03,5.29,1.22,21.7,95.8,44.9,10.6,ITW,-0.87,False,1.99,0.86,60.9,-0.73,FAILED ROTATION,False
E-commerce,E-commerce - Direct-to-Consumer,7,81327.2,-2.23,-2.95,-0.98,-1.78,1.56,-3.94,28.6,100.0,80.6,3.6,NKE,0.72,False,1.16,1.13,14.3,-2.0,FAILED ROTATION,False
Industrial Automation & Robotics,Robotics - Medical & Surgical Robotics,7,244411.3,-2.33,-0.84,-0.24,1.3,4.68,-1.35,28.6,100.0,90.5,3.6,ISRG,-1.49,False,1.39,0.89,28.6,-2.27,FAILED ROTATION,False
Healthcare & Biotech,Healthcare - Animal Health & Veterinary,3,50967.0,-2.38,-0.95,-7.92,-6.63,-3.58,-2.4,50.0,66.7,100.0,2.5,IDXX,-1.43,False,0.4,0.85,50.0,-0.54,FAILED ROTATION,True
Software,Software - Vertical SaaS Platforms,21,2021284.8,-2.42,-6.72,2.15,2.77,12.62,17.12,9.5,100.0,86.4,1.7,MSFT,4.3,True,1.52,0.78,61.9,-2.92,FAILED ROTATION,False
Business Services & Consulting,"Business Services - Outsourcing, Facilities & Testing",11,195852.3,-2.44,-1.87,0.35,2.52,14.25,12.56,9.1,100.0,72.9,4.1,CTAS,-0.57,False,0.61,0.84,72.7,-2.52,FAILED ROTATION,False
Real Estate & REITs,"Real Estate - Housing, Urban Living & Demographics",17,247894.8,-2.45,-2.45,-4.41,-4.15,0.89,1.42,0.0,88.2,34.0,12.5,DHI,0.0,False,1.07,0.85,20.0,-1.42,FAILED ROTATION,False
Industrials & Construction,Industrials - Construction Materials & Aggregates,6,146090.1,-2.59,-2.35,-6.07,-6.68,-9.58,-7.02,16.7,100.0,90.6,3.3,CRH,-0.24,False,2.22,0.85,16.7,-1.18,FAILED ROTATION,False
Digital Entertainment & Media,Entertainment - Video Streaming,12,831998.9,-2.64,-0.8,7.58,6.16,1.89,4.64,36.4,91.7,77.6,4.0,NFLX,-1.84,True,0.71,0.8,72.7,-4.4,FAILED ROTATION,False
Cloud Computing,Cloud - Hyperscalers & Platforms,11,6144085.3,-2.65,-3.23,-3.79,10.89,6.56,16.2,27.3,100.0,91.7,3.5,MSFT,0.58,False,0.97,0.76,81.8,-1.77,FAILED ROTATION,False
Space Tech,Space - Data Analytics & Earth Observation,6,27545.5,-2.7,-7.49,-10.5,-12.58,-32.28,-35.4,0.0,83.3,92.5,2.4,RKLB,4.79,True,3.93,0.73,0.0,-0.26,FAILED ROTATION,False
Consumer Goods & Retail,"Consumer - Health, Food & Beverages",40,1604755.6,-2.71,-3.24,-0.61,-4.6,5.98,2.89,18.4,95.0,54.1,7.8,KO,0.53,False,0.16,0.86,36.8,-2.57,FAILED ROTATION,False
Nanotechnology,NanoTech - Energy & Environment,8,81396.8,-2.78,-0.83,-5.68,-4.35,-1.08,-19.64,12.5,100.0,87.4,2.6,ECL,-1.95,True,1.54,0.93,12.5,-1.46,FAILED ROTATION,False
Cybersecurity,Cybersecurity - Cloud Security,12,264617.8,-2.8,-5.73,0.42,3.15,1.08,17.77,16.7,100.0,81.6,4.0,IBM,2.93,True,3.11,0.91,83.3,-2.9,FAILED ROTATION,False
Education Technology,Education - Workforce Training,6,11462.1,-2.83,-1.46,-7.7,-11.75,-0.79,-6.06,33.3,100.0,77.2,3.7,LAUR,-1.37,False,1.24,0.9,66.7,-1.04,FAILED ROTATION,False
Consumer Goods & Retail,Consumer - Restaurants & Dining,10,459632.1,-2.86,-3.69,-1.13,-4.38,3.86,1.41,10.0,100.0,76.5,4.0,MCD,0.83,False,0.45,0.85,40.0,-2.6,FAILED ROTATION,False
Healthcare & Biotech,Healthcare - Healthy Aging & Nutrition,8,42085.5,-2.88,-2.8,-3.81,-10.81,6.99,-3.83,0.0,100.0,79.2,3.8,KVUE,-0.08,False,0.92,0.92,25.0,-1.99,FAILED ROTATION,False
Commodities - Agriculture,Comm Agri - Livestock & Animal Protein,7,57211.1,-3.01,-3.29,-7.87,-5.68,0.58,0.68,16.7,85.7,67.4,5.5,JBS,0.28,False,0.32,1.05,16.7,-1.18,FAILED ROTATION,False
Software,"Software - Data, Analytics & DevOps",7,17044.1,-3.03,-2.3,11.36,7.18,21.36,18.65,28.6,100.0,81.9,4.0,DT,-0.73,False,2.36,1.13,71.4,-5.67,FAILED ROTATION,False
Commodities - Agriculture,Comm Agri - Softs & Plantation Crops,5,53210.3,-3.05,1.21,0.03,5.01,3.59,4.32,60.0,100.0,96.3,2.0,HSY,-4.26,True,0.61,0.81,40.0,-3.06,FAILED ROTATION,False
Industrials & Construction,Industrials - Packaging & Containers,10,122822.6,-3.13,-3.18,-5.59,-5.49,14.12,14.63,10.0,100.0,53.6,7.1,SW,0.05,False,1.91,0.89,70.0,-1.83,FAILED ROTATION,False
Consumer Goods & Retail,Consumer - Resale & Sharing Platforms,7,337190.7,-3.15,-1.51,10.34,-1.55,24.02,10.94,42.9,100.0,84.2,3.9,ABNB,-1.64,True,1.36,1.0,71.4,-5.55,FAILED ROTATION,False
Energy - Renewable,Energy Clean - Materials & Critical Metals,8,438961.8,-3.19,-3.63,6.01,6.52,0.22,-10.58,0.0,100.0,78.8,4.3,BHP,0.44,False,0.48,1.0,62.5,-4.59,FAILED ROTATION,False
Big Data & Analytics,"Big Data - Analytics, AI Platforms & BI",9,373309.5,-3.32,-4.54,6.52,-1.27,17.14,3.79,33.3,100.0,87.8,2.1,SAP,1.22,False,1.75,0.99,66.7,-4.84,FAILED ROTATION,False
Transportation & Logistics,Transportation - Freight Rail & Infrastructure,7,439156.3,-3.79,-3.13,-2.23,-2.45,6.97,6.84,14.3,100.0,58.7,5.8,UNP,-0.66,False,1.08,0.89,100.0,-3.27,FAILED ROTATION,False
Cloud Computing,Cloud - Multi-Cloud Management,6,119629.2,-4.11,-2.37,3.9,-8.28,9.88,-0.37,16.7,100.0,90.9,2.9,NOW,-1.74,True,1.83,0.93,66.7,-5.02,FAILED ROTATION,False
Real Estate & REITs,"Real Estate - Travel, Leisure & Entertainment Properties",24,516836.8,-4.21,-4.18,-6.63,-7.29,-3.02,-1.55,4.2,100.0,44.4,10.4,MAR,-0.03,False,1.8,0.84,33.3,-2.67,FAILED ROTATION,False
Software,"Software - Collaboration, CRM & Communications",7,62162.3,-4.7,-1.68,6.78,12.44,15.16,27.45,42.9,100.0,78.2,2.5,INTU,-3.02,True,0.41,0.99,85.7,-6.28,FAILED ROTATION,False
E-commerce,E-commerce - Platforms,6,134182.6,-5.02,-3.76,-2.25,0.64,2.51,10.75,33.3,100.0,95.9,2.5,PDD,-1.26,False,0.51,0.92,66.7,-4.5,FAILED ROTATION,False
Defense & Aerospace,Defense - Drones & Anti-Drone Systems,9,230739.3,-5.02,-4.28,-8.61,-9.65,4.79,-14.02,0.0,100.0,81.2,3.4,RTX,-0.74,False,2.33,0.87,11.1,-3.02,FAILED ROTATION,False
Defense & Aerospace,Defense - Cyber Defense & Electronic Warfare,15,712794.5,-5.74,-4.32,-1.83,-3.73,12.51,-0.24,13.3,100.0,70.3,4.6,PLTR,-1.42,False,2.59,0.91,26.7,-5.31,FAILED ROTATION,False
Cybersecurity,Cybersecurity - Application Security,8,379595.5,-6.07,-7.48,-4.24,-1.92,13.42,20.58,0.0,100.0,78.6,4.1,CRWD,1.41,False,3.72,1.03,100.0,-5.08,FAILED ROTATION,False
Cloud Computing,"Cloud - DevOps, Observability",6,70120.9,-7.45,-2.53,-12.4,8.26,-1.69,21.57,33.3,100.0,88.8,2.1,DDOG,-4.92,True,3.78,0.96,100.0,-4.57,FAILED ROTATION,False
Industrial Automation & Robotics,"Automation - Industrial IoT, Connectivity",7,262987.9,-8.36,-5.2,-7.34,-2.34,15.14,13.94,14.3,100.0,91.5,2.2,PANW,-3.16,True,2.85,0.95,85.7,-6.65,FAILED ROTATION,False
FinTech & Digital Finance,FinTech - InsurTech & Embedded Insurance,8,22165.2,-8.7,-2.25,2.16,-0.76,17.52,17.16,62.5,100.0,82.0,3.6,GWRE,-6.45,True,2.99,0.98,50.0,-9.2,FAILED ROTATION,False
Industrial Automation & Robotics,Automation - Industrial Software & Digital Twin,7,115435.5,-13.11,-10.21,-7.19,-4.01,-14.08,-1.32,14.3,100.0,83.8,4.1,CDNS,-2.9,True,4.82,0.9,28.6,-11.44,FAILED ROTATION,False
